{"cameraMode":{"drawMode":0,"name":"Shaded","section":"Shading Mode"},"sceneLighting":false,"audioPlay":false,"sceneViewState":{"showFog":true,"showMaterialUpdate":true,"showSkybox":false,"showFlares":true,"showImageEffects":true,"showParticleSystems":true},"in2DMode":false,"pivot":{"x":-0.030078887939453126,"y":3.474022388458252,"z":-0.13415169715881349},"rotation":{"x":0.06882331520318985,"y":-0.43342721462249758,"z":-0.03322666883468628,"w":-0.897942304611206},"size":12.695305824279786,"orthographic":false}