{"cameraMode":{"drawMode":0,"name":"Shaded","section":"Shading Mode"},"sceneLighting":false,"audioPlay":false,"sceneViewState":{"showFog":true,"showMaterialUpdate":true,"showSkybox":false,"showFlares":true,"showImageEffects":true,"showParticleSystems":true},"in2DMode":false,"pivot":{"x":1.2154526710510255,"y":-1.2810063362121583,"z":0.8200845718383789},"rotation":{"x":0.38995271921157839,"y":-0.16947978734970094,"z":0.07326504588127136,"w":0.9021340012550354},"size":10.190690040588379,"orthographic":false}