{"cameraMode":{"drawMode":0,"name":"Shaded","section":"Shading Mode"},"sceneLighting":false,"audioPlay":false,"sceneViewState":{"showFog":true,"showMaterialUpdate":true,"showSkybox":false,"showFlares":true,"showImageEffects":true,"showParticleSystems":true},"in2DMode":false,"pivot":{"x":-0.3533259630203247,"y":0.8796182870864868,"z":3.0610644817352297},"rotation":{"x":0.032503481954336169,"y":0.9674753546714783,"z":-0.1793629676103592,"w":0.17539644241333009},"size":0.8175336718559265,"orthographic":false}