{"cameraMode":{"drawMode":0,"name":"Shaded","section":"Shading Mode"},"sceneLighting":false,"audioPlay":false,"sceneViewState":{"showFog":true,"showMaterialUpdate":true,"showSkybox":false,"showFlares":true,"showImageEffects":true,"showParticleSystems":true},"in2DMode":false,"pivot":{"x":36.14799880981445,"y":7.930000305175781,"z":47.566001892089847},"rotation":{"x":0.04644615203142166,"y":0.12137513607740402,"z":-0.005682642571628094,"w":0.9915031790733337},"size":162.33419799804688,"orthographic":false}