{"cameraMode":{"drawMode":0,"name":"Shaded","section":"Shading Mode"},"sceneLighting":false,"audioPlay":false,"sceneViewState":{"showFog":true,"showMaterialUpdate":true,"showSkybox":false,"showFlares":true,"showImageEffects":true,"showParticleSystems":true},"in2DMode":false,"pivot":{"x":-24.5289306640625,"y":2.1569924354553224,"z":-37.567909240722659},"rotation":{"x":-0.06739562004804611,"y":-0.8342378735542297,"z":0.10466474294662476,"w":-0.5371688008308411},"size":3.8290746212005617,"orthographic":false}