{"cameraMode":{"drawMode":0,"name":"Shaded","section":"Shading Mode"},"sceneLighting":true,"audioPlay":false,"sceneViewState":{"showFog":true,"showMaterialUpdate":true,"showSkybox":false,"showFlares":true,"showImageEffects":true,"showParticleSystems":true},"in2DMode":false,"pivot":{"x":-17.828567504882814,"y":4.659355163574219,"z":-19.441497802734376},"rotation":{"x":-0.3931480944156647,"y":-0.5892767906188965,"z":0.39695531129837038,"w":-0.5836215019226074},"size":3.500178575515747,"orthographic":false}