{"cameraMode":{"drawMode":0,"name":"Shaded","section":"Shading Mode"},"sceneLighting":false,"audioPlay":false,"sceneViewState":{"showFog":true,"showMaterialUpdate":true,"showSkybox":false,"showFlares":true,"showImageEffects":true,"showParticleSystems":true},"in2DMode":false,"pivot":{"x":2.949566125869751,"y":-0.42259785532951357,"z":1.2147963047027588},"rotation":{"x":-0.13147121667861939,"y":-0.7076836824417114,"z":0.136688694357872,"w":-0.6805992722511292},"size":17.149446487426759,"orthographic":false}