{"cameraMode":{"drawMode":0,"name":"Shaded","section":"Shading Mode"},"sceneLighting":false,"audioPlay":false,"sceneViewState":{"showFog":true,"showMaterialUpdate":true,"showSkybox":false,"showFlares":true,"showImageEffects":true,"showParticleSystems":true},"in2DMode":false,"pivot":{"x":1.1711673736572266,"y":-4.660083770751953,"z":-0.7498611807823181},"rotation":{"x":-0.13147121667861939,"y":-0.7076836824417114,"z":0.136688694357872,"w":-0.6805992722511292},"size":18.9940128326416,"orthographic":false}