{"cameraMode":{"drawMode":0,"name":"Shaded","section":"Shading Mode"},"sceneLighting":false,"audioPlay":false,"sceneViewState":{"showFog":true,"showMaterialUpdate":true,"showSkybox":false,"showFlares":true,"showImageEffects":true,"showParticleSystems":true},"in2DMode":false,"pivot":{"x":36.14799880981445,"y":7.930000305175781,"z":47.566001892089847},"rotation":{"x":0.12248893827199936,"y":0.6001570224761963,"z":-0.09365688264369965,"w":0.7848798632621765},"size":99.00687408447266,"orthographic":false}