{"cameraMode":{"drawMode":0,"name":"Shaded","section":"Shading Mode"},"sceneLighting":true,"audioPlay":false,"sceneViewState":{"showFog":true,"showMaterialUpdate":true,"showSkybox":false,"showFlares":true,"showImageEffects":true,"showParticleSystems":true},"in2DMode":false,"pivot":{"x":193.7593231201172,"y":-200.8305206298828,"z":-647.668701171875},"rotation":{"x":-0.2050165832042694,"y":-0.789581835269928,"z":0.4576597809791565,"w":-0.3536612391471863},"size":369.5028076171875,"orthographic":false}