{"cameraMode":{"drawMode":0,"name":"Shaded","section":"Shading Mode"},"sceneLighting":false,"audioPlay":false,"sceneViewState":{"showFog":true,"showMaterialUpdate":true,"showSkybox":false,"showFlares":true,"showImageEffects":true,"showParticleSystems":true},"in2DMode":false,"pivot":{"x":-0.9244346618652344,"y":3.7517032623291017,"z":0.8127012252807617},"rotation":{"x":0.08728237450122833,"y":0.8388895392417908,"z":-0.14124459028244019,"w":0.5183590054512024},"size":20.321744918823243,"orthographic":false}