{"cameraMode":{"drawMode":0,"name":"Shaded","section":"Shading Mode"},"sceneLighting":true,"audioPlay":false,"sceneViewState":{"showFog":true,"showMaterialUpdate":true,"showSkybox":false,"showFlares":true,"showImageEffects":true,"showParticleSystems":true},"in2DMode":false,"pivot":{"x":159.54452514648438,"y":75.51180267333985,"z":250.44107055664063},"rotation":{"x":-0.3931480944156647,"y":-0.5892767906188965,"z":0.39695531129837038,"w":-0.5836215019226074},"size":431.7810363769531,"orthographic":false}