{"cameraMode":{"drawMode":0,"name":"Shaded","section":"Shading Mode"},"sceneLighting":true,"audioPlay":false,"sceneViewState":{"showFog":false,"showMaterialUpdate":false,"showSkybox":false,"showFlares":false,"showImageEffects":false,"showParticleSystems":false},"in2DMode":false,"pivot":{"x":238.83999633789063,"y":7.850000381469727,"z":99.2300033569336},"rotation":{"x":-0.34348297119140627,"y":-0.21095474064350129,"z":0.0795111134648323,"w":-0.9116992950439453},"size":51.44190979003906,"orthographic":false}