{"cameraMode":{"drawMode":0,"name":"Shaded","section":"Shading Mode"},"sceneLighting":false,"audioPlay":false,"sceneViewState":{"showFog":true,"showMaterialUpdate":true,"showSkybox":false,"showFlares":true,"showImageEffects":true,"showParticleSystems":true},"in2DMode":false,"pivot":{"x":0.0,"y":0.0002070590853691101,"z":-0.021682798862457277},"rotation":{"x":0.1553637534379959,"y":0.8314938545227051,"z":-0.44919487833976748,"w":0.28758320212364199},"size":1.5009493827819825,"orthographic":false}