{"cameraMode":{"drawMode":0,"name":"Shaded","section":"Shading Mode"},"sceneLighting":false,"audioPlay":false,"sceneViewState":{"showFog":true,"showMaterialUpdate":true,"showSkybox":false,"showFlares":true,"showImageEffects":true,"showParticleSystems":true},"in2DMode":false,"pivot":{"x":0.08377325534820557,"y":-0.11676880717277527,"z":2.4811840057373049},"rotation":{"x":-0.14331679046154023,"y":-0.6296672821044922,"z":0.11966727674007416,"w":-0.7540948987007141},"size":11.226640701293946,"orthographic":false}